[
  {
    "id": "dazn_1",
    "type": "stream",
    "name": "DAZN 1 BAR FHD --> NEW ERA(5.6 Mbps)",
    "url": "acestream://688e785893b50acc1d00cb37f15bfc42e72f5ae3",
    "poster": "assets/icon.png"
  },
  {
    "id": "dazn_2",
    "type": "stream",
    "name": "DAZN 1 Bar HD [DE](13.3 Mbps)",
    "url": "acestream://897e73c9d578848f596585314ecb9ae067c0e229",
    "poster": "assets/icon.png"
  },
  {
    "id": "dazn_3",
    "type": "stream",
    "name": "DAZN 1 FHD (SAT) --> NEW ERA(5.6 Mbps)",
    "url": "acestream://50a8a13c474848d1efbd5586efdb5b6cdd173fa9",
    "poster": "assets/icon.png"
  },
  {
    "id": "dazn_4",
    "type": "stream",
    "name": "DAZN 1 FHD --> NEW ERA(5.6 Mbps)",
    "url": "acestream://6538b79ce0da657d8455d1da6a5f342398899a0e",
    "poster": "assets/icon.png"
  },
  {
    "id": "dazn_5",
    "type": "stream",
    "name": "DAZN 1 HD --> NEW ERA(5.6 Mbps)",
    "url": "acestream://5b776533534b767a84dfda263825ad10f30a8ec7",
    "poster": "assets/icon.png"
  },
  {
    "id": "dazn_6",
    "type": "stream",
    "name": "DAZN 2 --> NEW ERA VI (shickat.me)(5.6 Mbps)",
    "url": "acestream://43004e955731cd3afcc34d24e5178d4b427bff37",
    "poster": "assets/icon.png"
  },
  {
    "id": "dazn_7",
    "type": "stream",
    "name": "DAZN 2 Bar HD [DE](11.2 Mbps)",
    "url": "acestream://12ea555d431dbe51fc8e4ca745aec09fe22a4865",
    "poster": "assets/icon.png"
  },
  {
    "id": "dazn_8",
    "type": "stream",
    "name": "DAZN 2 FHD --> NEW ERA(5.6 Mbps)",
    "url": "acestream://8b081c8afbd9beafc8c5fbf0115eb36eadb07a35",
    "poster": "assets/icon.png"
  },
  {
    "id": "dazn_9",
    "type": "stream",
    "name": "DAZN 2 FHD --> NEW ERA(5.6 Mbps)",
    "url": "acestream://fb2dd566824658eeab27aae19a01c09430f1a97d",
    "poster": "assets/icon.png"
  },
  {
    "id": "dazn_10",
    "type": "stream",
    "name": "DAZN 3 FHD --> NEW ERA(5.6 Mbps)",
    "url": "acestream://d641cd0fca0f467b3130754a091e2f4d22e68eb1",
    "poster": "assets/icon.png"
  },
  {
    "id": "dazn_11",
    "type": "stream",
    "name": "DAZN 4 FHD --> NEW ERA(5.6 Mbps)",
    "url": "acestream://c015d37d1ead8155b1e7b97e743a1fe9850f0af5",
    "poster": "assets/icon.png"
  },
  {
    "id": "dazn_12",
    "type": "stream",
    "name": "DAZN 4 FHD --> NEW ERA(5.6 Mbps)",
    "url": "acestream://7e27e46c25d4308d16098d9dc67fcd8736e8c1f0",
    "poster": "assets/icon.png"
  },
  {
    "id": "dazn_13",
    "type": "stream",
    "name": "DAZN BUNDESLIGA 3 FHD --> NEW ERA(5.6 Mbps)",
    "url": "acestream://692d6a47ba99fbfc67fa947e468e859c7f2b9564",
    "poster": "assets/icon.png"
  },
  {
    "id": "dazn_14",
    "type": "stream",
    "name": "DAZN EVENTOS 1 --> NEW ERA(5.6 Mbps)",
    "url": "acestream://176f0b8565a161f87c81a4a250463e3eaf678fb5",
    "poster": "assets/icon.png"
  },
  {
    "id": "dazn_15",
    "type": "stream",
    "name": "DAZN EVENTOS 2 --> NEW ERA(5.6 Mbps)",
    "url": "acestream://8bdeb6055da0be3bd1e1977dbf3640408f7d0267",
    "poster": "assets/icon.png"
  },
  {
    "id": "dazn_16",
    "type": "stream",
    "name": "DAZN EVENTOS 3 --> NEW ERA(5.6 Mbps)",
    "url": "acestream://4b048bcfaed7daec454e88f0e29b56756300447d",
    "poster": "assets/icon.png"
  },
  {"id":"dazn_17","type":"stream","name":"DAZN F1 4K --> NEW ERA(5.6 Mbps)","url":"acestream://c8ad94585fbe13cfc9074c2b5e23fb6344e0f66d","poster":"assets/icon.png"},
  {"id":"dazn_18","type":"stream","name":"DAZN F1 FHD (SAT) --> NEW ERA(5.6 Mbps)","url":"acestream://c9c18ae7a9dafba1caae5beb22060f9c92bba553","poster":"assets/icon.png"},
  {"id":"dazn_19","type":"stream","name":"DAZN F1 FHD --> NEW ERA(5.6 Mbps)","url":"acestream://515efd8115482bda8d92aa6df9a882a5e5797494","poster":"assets/icon.png"},
  {"id":"dazn_20","type":"stream","name":"DAZN F1 FHD --> NEW ERA(5.6 Mbps)","url":"acestream://82b4f249788f93b8f9ce968803662d7cd4f1b8cc","poster":"assets/icon.png"},
  {"id":"dazn_21","type":"stream","name":"DAZN F1 FHD --> NEW ERA(5.6 Mbps)","url":"acestream://d5cf2dfa4fb4165ce58bf9db815088c28fec7711","poster":"assets/icon.png"},
  {"id":"dazn_22","type":"stream","name":"DAZN F1 FHD --> NEW ERA(5.6 Mbps)","url":"acestream://6422e8bc34282871634c81947be093c04ad1bb29","poster":"assets/icon.png"},
  {"id":"dazn_23","type":"stream","name":"DAZN F1 HD(9.7 Mbps)","url":"acestream://d65257bb934b73647374224fd62d836815804be2","poster":"assets/icon.png"},
  {"id":"dazn_24","type":"stream","name":"DAZN F1 SD --> NEW ERA(5.6 Mbps)","url":"acestream://4bc6f4cb6697c1defc981c0afe1a4c3a62284aee","poster":"assets/icon.png"},
  {"id":"dazn_25","type":"stream","name":"DAZN LaLiga(6.4 Mbps)","url":"acestream://dda5d2cace9bc4cb0918e62bc50d657d4a10496a","poster":"assets/icon.png"},
  {"id":"dazn_26","type":"stream","name":"DAZN PVV --> NEW ERA(5.6 Mbps)","url":"acestream://34944c86bad01c3963ef113c28c033858085adb7","poster":"assets/icon.png"},
  {"id":"dazn_27","type":"stream","name":"DAZN PVV --> NEW ERA(5.6 Mbps)","url":"acestream://0f86119f233fd64fe85cc0b4a9059590d06d242a","poster":"assets/icon.png"},
  {"id":"dazn_28","type":"stream","name":"DAZN1(6.4 Mbps)","url":"acestream://d5b2c6b940cf3df5e8f9dc6f000f0ea23a10b151","poster":"assets/icon.png"},
  {"id":"dazn_29","type":"stream","name":"DAZN2(10.1 Mbps)","url":"acestream://b0eabe0fdd02fdd165896236765a9b753a2ff516","poster":"assets/icon.png"},
  {"id":"dazn_30","type":"stream","name":"DAZN3(0.6 Mbps)","url":"acestream://d1d9ec2361a6ac8edc0b2841866383768cc28df9","poster":"assets/icon.png"},
  {"id":"dazn_31","type":"stream","name":"DAZN4(0.6 Mbps)","url":"acestream://7e90956539f4e1318a63f3960e4f75c7c7c5a3b8","poster":"assets/icon.png"},
  {"id":"dazn_32","type":"stream","name":"DAZN_LaLiga_FHD(5.6 Mbps)","url":"acestream://99171f30c83bf7ab5df28b39607c91334cc60e4b","poster":"assets/icon.png"}
]
