[
  {"id":"champions_1","type":"stream","name":"M+ LIGA DE CAMPEONES FHD (SAT) --> NEW ERA(5.6 Mbps)","url":"acestream://afbf2a479c5a5072698139f0f556ef3e77a99bd0","poster":"assets/icon.png"},
  {"id":"champions_2","type":"stream","name":"M+ LIGA DE CAMPEONES FHD --> NEW ERA(5.6 Mbps)","url":"acestream://778f08cbae9596ed9e8b2ae0af33ee7a6fe24c6a","poster":"assets/icon.png"},
  {"id":"champions_3","type":"stream","name":"M+ Liga de Campeones 3 FHD(5.6 Mbps)","url":"acestream://a9d68301596739a6659873bed3f55802cf744ce8","poster":"assets/icon.png"},
  {"id":"champions_4","type":"stream","name":"M. Liga de Campeones(7.2 Mbps)","url":"acestream://e572a5178ff72eed7d1d751a18b4b3419699f370","poster":"assets/icon.png"},
  {"id":"champions_5","type":"stream","name":"M. Liga de Campeones 2(6.4 Mbps)","url":"acestream://338b5de78b0b40a6f9ca3cc0cf9be93341b9ceea","poster":"assets/icon.png"},
  {"id":"champions_6","type":"stream","name":"M. Liga de Campeones 3(6.4 Mbps)","url":"acestream://90f7941c6bf7ca4b18084a1dca7bc15b9b179373","poster":"assets/icon.png"},
  {"id":"champions_7","type":"stream","name":"M. Liga de Campeones 4(6.4 Mbps)","url":"acestream://6fbab1d8d6bf93c4bc7552714aa3bb54ebf7b661","poster":"assets/icon.png"},
  {"id":"champions_8","type":"stream","name":"Movistar Liga de Campeones --> NEW ERA VI (shickat.me)(5.6 Mbps)","url":"acestream://0f7842f8b6c26571e5a974407b61623e56e6a052","poster":"assets/icon.png"}
]
