[
  {"id":"movistar_1","type":"stream","name":"MOVISTAR CLASICOS FHD --> NEW ERA(5.6 Mbps)","url":"acestream://cf6ffdfa3c51268c0bd216da6b275fb866160c0c","poster":"assets/icon.png"},
  {"id":"movistar_2","type":"stream","name":"MOVISTAR GOLF 2 FHD --> NEW ERA(5.6 Mbps)","url":"acestream://96e82321c731e41768a806992ee4d3b9b7a0e7d7","poster":"assets/icon.png"},
  {"id":"movistar_3","type":"stream","name":"MOVISTAR GOLF FHD --> NEW ERA(5.6 Mbps)","url":"acestream://8546cff89e4ee8bf3ad31cf6457c3bc2c4341031","poster":"assets/icon.png"},
  {"id":"movistar_4","type":"stream","name":"Movistar Acción --> NEW ERA VI (shickat.me)(5.6 Mbps)","url":"acestream://089673779de9fa7a18ac8dc26eb4a79cf5a86f96","poster":"assets/icon.png"},
  {"id":"movistar_5","type":"stream","name":"Movistar Cine Español --> NEW ERA VI (shickat.me)(5.6 Mbps)","url":"acestream://e4bce95dd4faeb9cb09ade36a0636bc4b22b691c","poster":"assets/icon.png"},
  {"id":"movistar_6","type":"stream","name":"Movistar Clásicos --> NEW ERA VI (shickat.me)(5.6 Mbps)","url":"acestream://6462c8f65fcaa6e4fc874fef8d1e45bb7a7e6bae","poster":"assets/icon.png"},
  {"id":"movistar_7","type":"stream","name":"Movistar Comedia --> NEW ERA VI (shickat.me)(5.6 Mbps)","url":"acestream://cf0cb321eed6765c2eadbd9983570f6674ce5df6","poster":"assets/icon.png"},
  {"id":"movistar_8","type":"stream","name":"Movistar Cómic --> NEW ERA VI (shickat.me)(5.6 Mbps)","url":"acestream://4bfeb0516c44c4f0e3502e3f1ca1035d39ddf9c2","poster":"assets/icon.png"},
  {"id":"movistar_9","type":"stream","name":"Movistar Deportes --> NEW ERA VI (shickat.me)(5.6 Mbps)","url":"acestream://5d3f582738467aaf213e408601aca5cc13fa9359","poster":"assets/icon.png"},
  {"id":"movistar_10","type":"stream","name":"Movistar Deportes 2 --> NEW ERA VI (shickat.me)(5.6 Mbps)","url":"acestream://73d38feaa770d788848ec098470e32670fe55a61","poster":"assets/icon.png"},
  {"id":"movistar_11","type":"stream","name":"Movistar Deportes 3 --> NEW ERA VI (shickat.me)(5.6 Mbps)","url":"acestream://29d786d72d4b53dbc333af3a50f8fb021aa0296f","poster":"assets/icon.png"},
  {"id":"movistar_12","type":"stream","name":"Movistar Documentales --> NEW ERA VI (shickat.me)(5.6 Mbps)","url":"acestream://b3fc9b5647c5933b101c0b6b64322590c68587b9","poster":"assets/icon.png"},
  {"id":"movistar_13","type":"stream","name":"Movistar Drama --> NEW ERA VI (shickat.me)(5.6 Mbps)","url":"acestream://a6de6a4977d7801bbddc9c7739d822f4beb358ae","poster":"assets/icon.png"},
  {"id":"movistar_14","type":"stream","name":"Movistar Ellas Vamos --> NEW ERA VI (shickat.me)(5.6 Mbps)","url":"acestream://594b59d435527327c9b6965f247995b907bfc285","poster":"assets/icon.png"},
  {"id":"movistar_15","type":"stream","name":"Movistar Estrenos --> NEW ERA VI (shickat.me)(5.6 Mbps)","url":"acestream://5d35f906b735f25164fa2b9b7a4e6ef91dfed131","poster":"assets/icon.png"},
  {"id":"movistar_16","type":"stream","name":"Movistar Estrenos FHD --> NEW ERA(5.6 Mbps)","url":"acestream://192f2ac5b372dfddef694e48edd2d56e308b51e7","poster":"assets/icon.png"},
  {"id":"movistar_17","type":"stream","name":"Movistar Golf --> NEW ERA VI (shickat.me)(5.6 Mbps)","url":"acestream://9ed46050217ee6ed8236a64b72d7992f7b3b37f2","poster":"assets/icon.png"},
  {"id":"movistar_18","type":"stream","name":"Movistar Hits --> NEW ERA VI (shickat.me)(5.6 Mbps)","url":"acestream://50553edb5e8c54d15e0d43161369b3b4cef95065","poster":"assets/icon.png"},
  {"id":"movistar_19","type":"stream","name":"Movistar Indie --> NEW ERA VI (shickat.me)(5.6 Mbps)","url":"acestream://7716c9fd5bd4413715e4e26f97efb91802f6ee80","poster":"assets/icon.png"},
  {"id":"movistar_20","type":"stream","name":"Movistar LaLiga(5.6 Mbps)","url":"acestream://3965fec90fb8370675889e7d2f0e78888652857f","poster":"assets/icon.png"},
  {"id":"movistar_21","type":"stream","name":"Movistar LaLiga --> NEW ERA VI (shickat.me)(5.6 Mbps)","url":"acestream://d2ddf9802ccfdc456f872eea4d24596880a638a0","poster":"assets/icon.png"},
  {"id":"movistar_22","type":"stream","name":"Movistar LaLiga --> NEW ERA VI (shickat.me)(5.6 Mbps)","url":"acestream://107c3ce5a5d2527c9f06e4eab87477201791f231","poster":"assets/icon.png"},
  {"id":"movistar_23","type":"stream","name":"Movistar LaLiga 2 --> NEW ERA VI (shickat.me)(5.6 Mbps)","url":"acestream://911ad127726234b97658498a8b790fdd7516541d","poster":"assets/icon.png"},
  {"id":"movistar_24","type":"stream","name":"Movistar Liga de Campeones --> NEW ERA VI (shickat.me)(5.6 Mbps)","url":"acestream://0f7842f8b6c26571e5a974407b61623e56e6a052","poster":"assets/icon.png"},
  {"id":"movistar_25","type":"stream","name":"Movistar Originales --> NEW ERA VI (shickat.me)(5.6 Mbps)","url":"acestream://096b817fcc836535f608facb15fca6408fae3162","poster":"assets/icon.png"},
  {"id":"movistar_26","type":"stream","name":"Movistar Plus --> NEW ERA VI (5.6 Mbps)","url":"acestream://5866e83279307bf919068ae7a0d250e4e424e464","poster":"assets/icon.png"},
  {"id":"movistar_27","type":"stream","name":"Movistar Plus --> NEW ERA VI (5.6 Mbps)","url":"acestream://32fdfde0defda1404537507ce5a4fd686699dec6","poster":"assets/icon.png"},
  {"id":"movistar_28","type":"stream","name":"Movistar Vacaciones --> NEW ERA VI (5.6 Mbps)","url":"acestream://cf99e99c105162410ec6d1f68cc6f4811560fee7","poster":"assets/icon.png"},
  {"id":"movistar_29","type":"stream","name":"Movistar Vamos --> NEW ERA VI (5.6 Mbps)","url":"acestream://4e99e755aa32c4bc043a4bb1cd1de35f9bd94dde","poster":"assets/icon.png"}
]
